name,domain,domain_status,final_score,ai_score,local_score,style,reason
Corvanta,corvanta.ai,possibly_available,95,92,100,enterprise,"Its structured sound conveys control, coordination and dependable technical decision-making."
Nuvoria,nuvoria.ai,possibly_available,94,90,100,modern,"The name feels modern and scalable, suggesting a fresh layer of intelligence for IT operations."
Cendora,cendora.ai,possibly_available,94,90,100,premium,"A polished name with a centralizing feel, ideal for a system that organizes IT knowledge and next steps."
Corvella,corvella.ai,possibly_available,94,90,100,enterprise,"Balanced and polished, it suggests coordination, classification and guided action."
Miralvo,miralvo.ai,possibly_available,93,91,96,premium,"A memorable coined name with a refined feel, well suited to intelligent diagnosis and response guidance."
Talvion,talvion.ai,possibly_available,93,91,96,enterprise,"A strong enterprise-style name that suggests disciplined triage, classification and guided action."
Lunvero,lunvero.ai,possibly_available,93,91,96,premium,"A refined invented name that suggests insight, verification and calm decision support for IT teams."
Olevara,olevara.ai,possibly_available,93,89,100,premium,"A distinctive, elegant name that suggests broad coverage across IT processes and recommendations."
Verulio,verulio.ai,possibly_available,93,89,100,premium,"Elegant and structured, it suggests reliable verification and well-formed recommendations."
Ormendo,ormendo.ai,possibly_available,92,90,96,enterprise,"A sturdy, enterprise-ready name that evokes orchestration, method and reliable follow-through."
Novalio,novalio.ai,possibly_available,92,87,100,modern,"Its modern tone suggests a new, intelligent layer for managing internal technology work."
Eltoria,eltoria.ai,possibly_available,92,88,100,premium,This elegant name conveys a composed platform that brings order to complex IT requests.
Selvion,selvion.ai,possibly_available,92,90,96,enterprise,"The name feels intelligent and composed, suitable for assessing urgency and suggesting next actions."
Modavia,modavia.ai,possibly_available,92,88,100,modern,It suggests modernization and workflow improvement while remaining abstract and brandable.
Vostera,vostera.ai,possibly_available,92,87,100,technical,"Its strong cadence gives the product a dependable, operations-focused personality."
Sembora,sembora.ai,possibly_available,92,88,100,enterprise,The name suggests orchestration and structured response across many IT scenarios.
Remvica,remvica.ai,possibly_available,92,90,96,technical,"Distinct and operational, it hints at remediation, command generation and practical resolution support."
Torvane,torvane.ai,possibly_available,92,90,96,technical,"Confident and technical, it implies command, direction and reliable execution for IT teams."
Calviro,calviro.ai,possibly_available,91,89,96,technical,"A crisp, professional name that implies calm analysis and precise technical recommendations."
Remvico,remvico.ai,possibly_available,91,88,96,technical,"Its compact form feels efficient and operational, fitting a tool that resolves IT work faster."
Orvenda,orvenda.ai,possibly_available,91,89,96,enterprise,The balanced syllables make it easy to remember while implying orderly handling of complex requests.
Trivona,trivona.ai,possibly_available,91,88,96,modern,"This name has a clear, agile sound that fits fast interpretation of technical problems."
Soralin,soralin.ai,possibly_available,91,89,96,premium,"A calm, intelligent-sounding name that works well for prioritizing and guiding service interactions."
Kervano,kervano.ai,possibly_available,91,88,96,technical,"The name feels stable and technical, suggesting reliable interpretation of system and user issues."
Rovelin,rovelin.ai,possibly_available,91,88,96,modern,"A fluid, professional name that suggests routing complex requests toward clear resolutions."
Nelvico,nelvico.ai,possibly_available,91,89,96,technical,"Compact and technical, it feels suited to classification, troubleshooting and command generation."
Melvaro,melvaro.ai,possibly_available,91,88,96,enterprise,"The name is warm yet professional, fitting a system that translates IT complexity into useful guidance."
Renvaro,renvaro.ai,possibly_available,91,89,96,enterprise,"A polished coined word that feels reliable, structured and appropriate for enterprise environments."
Pelnora,pelnora.ai,possibly_available,91,86,100,modern,"Soft but professional, it feels approachable for a system that prepares clear user-facing responses."
Vintero,vintero.ai,possibly_available,91,88,96,technical,"A crisp, technical-sounding name that fits an intelligent operations layer for modern IT departments."
Morvian,morvian.ai,possibly_available,91,89,96,enterprise,"A mature, memorable name that evokes systematic reasoning across requests, diagnostics and replies."
Brenico,brenico.ai,possibly_available,91,88,96,enterprise,"A compact enterprise name that suggests efficiency, reliability and clear operational recommendations."
Kalvero,kalvero.ai,possibly_available,91,88,96,technical,"A crisp, professional name with a technical tone that fits diagnosis and command generation."
Arvello,arvello.ai,possibly_available,91,88,96,modern,"A memorable invented word with a balanced feel between automation, clarity, and control."
Solenic,solenic.ai,possibly_available,91,88,96,enterprise,Its composed sound hints at systematic resolution and dependable operational intelligence.
Caldeno,caldeno.ai,possibly_available,91,89,96,enterprise,"Feels precise and dependable, suggesting clear analysis and orderly resolution paths."
Brivana,brivana.ai,possibly_available,91,88,96,enterprise,"Distinctive and stable, it evokes reliable guidance through troubleshooting processes."
Talvian,talvian.ai,possibly_available,91,88,96,technical,"Professional and slightly technical, it suggests organized evaluation of IT incidents and next steps."
Valnero,valnero.ai,possibly_available,91,89,96,enterprise,"Confident and durable, it suits a platform that helps teams assess urgency and act consistently."
Renvalo,renvalo.ai,possibly_available,91,89,96,enterprise,"Its measured rhythm conveys restoration, prioritization and steady operational control."
Alvenco,alvenco.ai,possibly_available,91,88,96,enterprise,"Professional and systems-oriented, it has the feel of a scalable enterprise SaaS brand."
Lomaris,lomaris.ai,possibly_available,91,89,96,premium,"Polished and memorable, it suggests broad visibility across requests, systems and responses."
Celvoro,celvoro.ai,possibly_available,91,88,96,premium,"Premium and composed, it suggests elevated visibility into technical issues and priorities."
Modrivo,modrivo.ai,possibly_available,90,87,96,technical,A dynamic invented word that suggests movement from problem detection to recommended resolution.
Orliva,orliva.ai,possibly_available,90,86,97,modern,"Short and fluent, the name feels approachable while remaining professional for internal IT teams."
Dunvero,dunvero.ai,possibly_available,90,87,96,enterprise,Its grounded sound conveys dependable judgment for diagnosing incidents and recommending actions.
Tersano,tersano.ai,possibly_available,90,87,96,modern,Its clean rhythm suggests concise analysis and practical recommendations for IT teams.
Serando,serando.ai,possibly_available,90,87,96,enterprise,A smooth and professional name that suggests steady guidance from issue intake to resolution.
Darmelo,darmelo.ai,possibly_available,90,87,96,enterprise,Its grounded cadence gives the impression of dependable analysis and structured troubleshooting.
Arelvon,arelvon.ai,possibly_available,90,87,96,technical,"Its distinctive structure feels advanced and professional, fitting a platform for guided technical resolution."
Telvona,telvona.ai,possibly_available,90,86,96,enterprise,"Its structured sound implies communication, triage, and well-coordinated service processes."
Brivano,brivano.ai,possibly_available,90,86,96,enterprise,The name has a decisive sound that fits rapid classification and practical recommendations.
Tervino,tervino.ai,possibly_available,90,87,96,technical,"A sturdy, pronounceable name with a technical character suited to IT diagnostics."
Lanvero,lanvero.ai,possibly_available,90,86,96,technical,The name carries a network-aware feel without directly describing IT infrastructure.
Silvaro,silvaro.ai,possibly_available,90,87,96,premium,"A polished, memorable name that suggests streamlined handling of operational complexity."
Dorevio,dorevio.ai,possibly_available,90,85,100,enterprise,A refined invented word that feels suitable for guided workflows and enterprise automation.
Maverno,maverno.ai,possibly_available,90,87,96,enterprise,"The name has a mature, capable tone that works for an internal IT operations platform."
Pelvora,pelvora.ai,possibly_available,90,84,100,premium,Its distinctive shape and calm cadence make it memorable without sounding informal.
Torvian,torvian.ai,possibly_available,90,87,96,technical,"The name feels robust and technical, suited to diagnosing issues and recommending fixes."
Taviron,taviron.ai,possibly_available,90,87,96,technical,"Has a decisive, systems-oriented sound that fits automation and IT operations."
Novelar,novelar.ai,possibly_available,90,87,96,modern,Signals fresh thinking and structured recommendations without sounding experimental or playful.
Brevona,brevona.ai,possibly_available,90,87,96,modern,"The name feels efficient and composed, matching fast diagnosis and concise user communications."
Cirevon,cirevon.ai,possibly_available,90,87,96,technical,"Sharp but pronounceable, it suggests intelligent classification and technical problem review."
Kervia,kervia.ai,possibly_available,90,86,97,modern,"Short and distinctive, it feels efficient for a tool that guides technical resolution steps."
Nuvella,nuvella.ai,possibly_available,90,87,96,premium,"Modern and refined, it conveys fresh insight while staying serious enough for enterprise buyers."
Sorelan,sorelan.ai,possibly_available,90,87,96,modern,"Smooth and structured, it feels suited to organizing requests and recommending next actions."
Livenor,livenor.ai,possibly_available,90,87,96,modern,"Memorable and balanced, it suggests active monitoring, response preparation and operational readiness."
Rilenta,rilenta.ai,possibly_available,89,85,96,enterprise,"The name feels steady and methodical, matching a product that reduces operational friction."
Evaron,evaron.ai,possibly_available,89,88,92,enterprise,"Stable and authoritative, it fits a product that brings consistency to IT operations decisions."
Velmora,velmora.ai,registered,96,94,100,enterprise,"A smooth, confident name that suggests clear visibility across IT issues and operations workflows."
Virelio,virelio.ai,registered,94,91,100,enterprise,"A smooth, confident name that suggests visibility into requests and reliable operational guidance."
Merovia,merovia.ai,registered,94,90,100,premium,"The name feels polished and stable, making it appropriate for internal IT workflows at scale."
Corevia,corevia.ai,registered,94,90,100,enterprise,The name suggests a central path for analyzing and resolving operational requests.
Sentrio,sentrio.ai,registered,94,90,100,technical,"Suggests centralization and triage while remaining invented, concise and enterprise-ready."
Verinta,verinta.ai,registered,93,92,96,enterprise,Its precise and trustworthy tone makes it suitable for enterprise IT analysis and response preparation.
Sovarin,sovarin.ai,registered,93,91,96,premium,"A composed, premium-sounding name that implies oversight and intelligent operational governance."
Clarivo,clarivo.ai,registered,93,92,96,technical,"The name suggests clarity and precision without being descriptive, matching diagnostic and reply-generation use cases."
Solvato,solvato.ai,registered,93,92,96,modern,It subtly evokes resolution and structured troubleshooting without becoming descriptive.
Renovia,renovia.ai,registered,93,89,100,premium,"A refined name that suggests renewal, remediation, and improved IT operations."
Mavenco,mavenco.ai,registered,92,90,96,enterprise,"A confident coined name that hints at expertise, automation and operational command."
Valtoro,valtoro.ai,registered,92,90,96,technical,"The name has a strong operational feel, implying prioritization, control and technical confidence."
Virello,virello.ai,registered,91,89,96,modern,"A sleek and memorable name that feels fast, technical and suitable for intelligent IT workflows."
Bravion,bravion.ai,registered,91,88,96,enterprise,"A strong, confident name that conveys decisive action and trustworthy operational assistance."
Orvanta,orvanta.ai,registered,91,89,96,enterprise,Its grounded rhythm feels suitable for a platform that organizes incidents and drives action.
Cortela,cortela.ai,registered,91,88,96,premium,A clean and composed name that suggests orderly reasoning across complex technical cases.
Denario,denario.ai,registered,91,86,100,enterprise,"A measured, authoritative name that fits classification, prioritization, and response drafting."
Asteron,asteron.ai,registered,91,88,96,premium,"A confident name with a broad systems feel, suitable for enterprise technology environments."
Corvian,corvian.ai,registered,91,88,96,technical,"The name feels structured and analytical, aligning well with problem diagnosis and remediation."
Soleris,soleris.ai,registered,91,89,96,modern,"Bright and professional, it implies clarity when diagnosing complex technical issues."
Norvica,norvica.ai,registered,91,89,96,enterprise,"Strong and orderly, it feels well matched to enterprise IT governance and structured operations."
Nuvora,nuvora.ai,registered,90,87,97,modern,"A concise, modern name that feels adaptive and well suited to cloud-based IT operations."
Venora,venora.ai,registered,90,87,97,premium,"A smooth, premium-sounding name that conveys calm handling of urgent internal requests."
Aventro,aventro.ai,registered,90,86,96,modern,Its forward-moving sound supports a product positioned around faster IT action and decisions.
Monara,monara.ai,registered,90,86,97,enterprise,"Soft but authoritative, it feels approachable for internal IT teams while remaining professional."
Kemora,kemora.ai,registered,90,86,97,enterprise,"Short, clear and easy to pronounce, it has a grounded enterprise software feel."
Denora,denora.ai,registered,90,86,97,enterprise,"Professional and approachable, it works well for a platform preparing clear replies and resolutions."
Miravo,miravo.ai,registered,89,87,92,modern,"Its bright, simple sound makes it memorable while still feeling professional for SaaS buyers."
Lunavo,lunavo.ai,registered,89,87,92,modern,"Smooth and memorable, it carries a modern SaaS feel without sounding casual."
Mavren,mavren.ai,registered,89,88,92,technical,"Strong, compact and memorable, it feels appropriate for an operations-focused software platform."
Naviro,naviro.ai,registered,89,88,92,enterprise,"Implies navigation through complex IT problems with a calm, professional sound."
