rank;name;final_score;domain_bonus;domain;domain_status;domain_available;target_positioning;pronunciation;meaning;brand_story;tagline;logo_idea;vc_score;vc_reasoning;vc_main_risk;memorability_score;enterprise_score;international_score;differentiation_score
1;Calanto;88.05;5.0;calanto.ai;possibly_available;True;Premium enterprise SaaS for intelligent operations and service workflows.;kah-LAN-toh;Inspired by calm, cadence, and elevated control.;Calanto suggests a platform that brings order, rhythm, and confidence to complex internal operations. It feels composed and intelligent, fitting a product that helps teams move from noisy requests to clear next steps.;Clarity in every workflow.;A refined wordmark with a subtle layered arc, suggesting structured movement from signal to resolution.;81;Credible, calm, and reasonably premium. It is easy to pronounce, has a mature enterprise tone, and could stretch beyond IT support into workflow, automation, and operations software. Not hugely distinctive, but strong enough for a serious SaaS company.;Feels somewhat like a polished synthetic SaaS name rather than a truly ownable category leader.;83;87;84;81
2;Tenaro;88.05;5.0;tenaro.ai;possibly_available;True;Enterprise-ready platform for reliable workflow intelligence and automation.;teh-NAH-roh;Suggests discipline, continuity, and operational strength.;Tenaro carries a steady, mature tone suited to business-critical software. It feels dependable and scalable, fitting a platform that can expand from service intelligence into automation and knowledge workflows.;Steady intelligence for modern teams.;A precise vertical mark with ten subtle line segments, representing structured progress and consistency.;81;Mature, steady, and enterprise-appropriate. It has a disciplined sound and could plausibly extend from IT support into automation, knowledge, and operations platforms. It feels more serious than many similar coined names.;Somewhat abstract and may be confused with other 'Ten-' enterprise or productivity brands.;84;86;85;80
3;Calvero;87.9;5.0;calvero.ai;possibly_available;True;Premium enterprise software for structured decision support and operational clarity.;kal-VAIR-oh;Suggests clarity, verification, and steady control.;Calvero sounds composed and credible, with a premium European feel that works well in German and international markets. It fits a platform that helps teams turn uncertainty into well-structured next steps, while remaining broad enough for future operational use cases.;Turn complexity into direction.;A clean wordmark paired with a layered check-and-compass form, symbolizing verified direction and operational confidence.;82;Credible, composed, and internationally pronounceable. It has enough substance to support a broader enterprise software company and avoids obvious AI/helpdesk narrowness.;Some mild romance-language ambiguity and possible consulting-firm feel.;84;86;82;80
4;Talvian;86.85;5.0;talvian.ai;possibly_available;True;Premium intelligent SaaS for structured technical and operational teams.;TAL-vee-an;Conveys structure, intelligence, and a composed technical character.;Talvian has a measured, premium rhythm that feels credible for global software. It suggests a calm intelligence layer that helps teams understand signals, prioritize work, and communicate with confidence while remaining broad and future-ready.;Intelligence with structure.;A precise vertical-line mark with a subtle signal pattern, representing order, priority, and informed action.;81;Measured, credible, and internationally workable. It has a serious enterprise tone and enough abstraction to support a broader intelligent operations portfolio.;Slight fantasy/constructed-name feel that may require strong brand execution.;82;85;80;81
5;Orvelo;68.6;-15.0;orvelo.ai;registered;False;Global SaaS brand for intelligent operations, automation, and service excellence.;or-VEH-loh;Suggests orientation, velocity, and purposeful movement.;Orvelo feels active but controlled, ideal for software that helps organizations move work from uncertainty to action. It has enough abstraction to support a broad future beyond IT service desks.;From signal to action.;A circular O mark with a forward-cut inner line, symbolizing orientation and momentum.;82;Strongest of the active-sounding options. It is pronounceable, memorable, and suggests movement without being childish or gimmicky. It has enough abstraction to support a broader enterprise workflow and automation company.;The 'velo' element may create bike/velocity associations that slightly soften the enterprise positioning.;85;84;86;82
6;Mirevo;68.3;-15.0;mirevo.ai;registered;False;Premium AI-enabled SaaS for operational intelligence and continuous improvement.;mee-REH-voh;Inspired by mirroring insight and evolving systems.;Mirevo suggests a platform that reflects what is happening inside an organization and helps teams evolve their response. It feels intelligent, contemporary, and suitable for a company with ambitions beyond a single workflow category.;See clearly. Evolve faster.;A mirrored M icon with a subtle upward transition, representing insight turning into improvement.;83;Modern, intelligent, and reasonably premium. It has a clear sound, good international pronunciation, and feels suitable for AI-enabled operational intelligence beyond IT support. It is abstract without feeling random.;Could be mildly confused with existing tech names like Miro or other 'Mir-' software brands.;84;85;84;80
7;Avenor;67.9;-15.0;avenor.ai;registered;False;Premium enterprise SaaS for operational intelligence and internal service transformation.;AV-eh-nor;Inspired by the idea of an avenue forward and a northern point of orientation.;Avenor suggests direction, clarity, and steady progress. For an internal IT intelligence platform, it feels like a trusted guide that helps teams move from uncertainty to confident action without sounding limited to support tickets or automation.;Clarity for every operation.;A refined wordmark with a subtle upward path or compass-line motif inside the A.;82;Credible, calm, and enterprise-appropriate. It has enough abstraction to support a broader software platform and is pronounceable internationally. The name feels polished rather than gimmicky, though not highly distinctive.;Moderate similarity to existing tech/enterprise-sounding names such as Aiven, Aveva, and Avanade may weaken distinctiveness.;84;86;82;80
8;Corvado;67.6;-15.0;corvado.ai;registered;False;Enterprise-grade platform for operational intelligence and coordinated technical workflows.;kor-VAH-doh;Inspired by core systems, coordination, and forward motion.;Corvado feels substantial and global, with a strong consonant opening and a smooth ending. It suggests a platform that connects signals, context, and action across technical workflows without sounding tied to tickets or helpdesks.;Coordinate the work that matters.;Interlocking arcs around a central core, expressing connected systems, context, and orchestrated movement.;81;Strong, serious, and scalable enough for enterprise software. It has a solid infrastructure-platform tone and is broad enough beyond IT support.;The “corv” root may evoke crows/corvids or feel slightly dark to some buyers.;83;87;82;80
9;Meravo;67.4;-15.0;meravo.ai;registered;False;Premium mid-market to enterprise SaaS for intelligent work quality and operational excellence.;meh-RAH-vo;Evokes merit, refinement, and elevated execution.;Meravo is concise, memorable, and premium. It suggests a product that improves the quality of operational decisions and communications, while avoiding narrow category language and leaving space for a broader enterprise software brand.;Better answers. Better operations.;A minimal M-shaped mark formed from two precise upward strokes, symbolizing improvement and reliable execution.;80;Concise, memorable, and reasonably premium. It has enough flexibility for enterprise AI operations without sounding too narrow or childish.;Could be mistaken for healthcare/pharma or other soft coined brands.;86;83;84;80
